Use gimnasio;

-- Insertar datos en la tabla de Clientes
insert into Clientes (Nombre, Apellido, Telefono, CorreoElectronico) values ('Viviyan', 'Ikringill', '139-293-3674', 'vikringill0@stanford.edu');
insert into Clientes (Nombre, Apellido, Telefono, CorreoElectronico) values ('Lorne', 'Pallis', '391-549-0623', 'lpallis1@theguardian.com');
insert into Clientes (Nombre, Apellido, Telefono, CorreoElectronico) values ('Liuka', 'Ickeringill', '604-978-7815', 'lickeringill2@ifeng.com');
insert into Clientes (Nombre, Apellido, Telefono, CorreoElectronico) values ('Riccardo', 'Lie', '545-321-7816', 'rlie3@youtu.be');
insert into Clientes (Nombre, Apellido, Telefono, CorreoElectronico) values ('Wang', 'Pellew', '721-537-4793', 'wpellew4@cargocollective.com');
insert into Clientes (Nombre, Apellido, Telefono, CorreoElectronico) values ('Alan', 'Beckles', '865-359-4654', 'abeckles5@blinklist.com');
insert into Clientes (Nombre, Apellido, Telefono, CorreoElectronico) values ('Manya', 'Walsh', '752-866-9594', 'mwalsh6@arstechnica.com');
insert into Clientes (Nombre, Apellido, Telefono, CorreoElectronico) values ('Alexander', 'Anselmi', '378-174-4003', 'aanselmi7@cbsnews.com');
insert into Clientes (Nombre, Apellido, Telefono, CorreoElectronico) values ('Verina', 'Cardnell', '265-283-9455', 'vcardnell8@tripod.com');
insert into Clientes (Nombre, Apellido, Telefono, CorreoElectronico) values ('Gennie', 'Halloran', '120-552-2048', 'ghalloran9@jimdo.com');
insert into Clientes (Nombre, Apellido, Telefono, CorreoElectronico) values ('Eadmund', 'Jacquet', '110-103-9155', 'ejacqueta@geocities.jp');
insert into Clientes (Nombre, Apellido, Telefono, CorreoElectronico) values ('Alfy', 'McFall', '890-904-7556', 'amcfallb@themeforest.net');
insert into Clientes (Nombre, Apellido, Telefono, CorreoElectronico) values ('Harman', 'Krollmann', '348-902-5424', 'hkrollmannc@csmonitor.com');
insert into Clientes (Nombre, Apellido, Telefono, CorreoElectronico) values ('Lilith', 'Dinzey', '885-788-3700', 'ldinzeyd@cbslocal.com');
insert into Clientes (Nombre, Apellido, Telefono, CorreoElectronico) values ('Faythe', 'Wilsey', '453-832-5646', 'fwilseye@slideshare.net');
insert into Clientes (Nombre, Apellido, Telefono, CorreoElectronico) values ('Helyn', 'Galliver', '740-308-7891', 'hgalliverf@fda.gov');
insert into Clientes (Nombre, Apellido, Telefono, CorreoElectronico) values ('Liza', 'Beetham', '386-186-1714', 'lbeethamg@nih.gov');
insert into Clientes (Nombre, Apellido, Telefono, CorreoElectronico) values ('Arleen', 'Thirsk', '911-169-6408', 'athirskh@cmu.edu');
insert into Clientes (Nombre, Apellido, Telefono, CorreoElectronico) values ('Cristin', 'Clissett', '460-610-0699', 'cclissetti@microsoft.com');
insert into Clientes (Nombre, Apellido, Telefono, CorreoElectronico) values ('Cristie', 'Wigelsworth', '204-621-7773', 'cwigelsworthj@domainmarket.com');
insert into Clientes (Nombre, Apellido, Telefono, CorreoElectronico) values ('Wrennie', 'McJerrow', '836-691-4576', 'wmcjerrowk@friendfeed.com');
insert into Clientes (Nombre, Apellido, Telefono, CorreoElectronico) values ('Lynsey', 'Dee', '320-572-0786', 'ldeel@umich.edu');
insert into Clientes (Nombre, Apellido, Telefono, CorreoElectronico) values ('Thorin', 'Lundberg', '338-508-2251', 'tlundbergm@dropbox.com');
insert into Clientes (Nombre, Apellido, Telefono, CorreoElectronico) values ('Brittan', 'Pearne', '768-741-3414', 'bpearnen@stumbleupon.com');
insert into Clientes (Nombre, Apellido, Telefono, CorreoElectronico) values ('Cleveland', 'Gorwood', '392-257-8811', 'cgorwoodo@canalblog.com');
insert into Clientes (Nombre, Apellido, Telefono, CorreoElectronico) values ('Roderigo', 'Petersen', '619-748-0520', 'rpetersenp@vistaprint.com');
insert into Clientes (Nombre, Apellido, Telefono, CorreoElectronico) values ('Antonino', 'Viel', '188-505-9458', 'avielq@discuz.net');
insert into Clientes (Nombre, Apellido, Telefono, CorreoElectronico) values ('Maurice', 'McGurgan', '297-203-0587', 'mmcgurganr@merriam-webster.com');
insert into Clientes (Nombre, Apellido, Telefono, CorreoElectronico) values ('Yard', 'Sclater', '102-289-7472', 'ysclaters@bloglovin.com');
insert into Clientes (Nombre, Apellido, Telefono, CorreoElectronico) values ('Appolonia', 'Gaine of England', '924-920-4548', 'againeofenglandt@imgur.com');
insert into Clientes (Nombre, Apellido, Telefono, CorreoElectronico) values ('Nona', 'Cawkill', '489-481-0331', 'ncawkillu@prnewswire.com');
insert into Clientes (Nombre, Apellido, Telefono, CorreoElectronico) values ('Giraud', 'Verralls', '287-925-8991', 'gverrallsv@wisc.edu');
insert into Clientes (Nombre, Apellido, Telefono, CorreoElectronico) values ('Wren', 'Ollerhad', '547-962-8103', 'wollerhadw@webs.com');
insert into Clientes (Nombre, Apellido, Telefono, CorreoElectronico) values ('Jaime', 'Milam', '844-786-5919', 'jmilamx@netlog.com');
insert into Clientes (Nombre, Apellido, Telefono, CorreoElectronico) values ('Cammi', 'Hinstock', '318-659-2428', 'chinstocky@51.la');
insert into Clientes (Nombre, Apellido, Telefono, CorreoElectronico) values ('Jojo', 'Douce', '428-548-1118', 'jdoucez@weather.com');
insert into Clientes (Nombre, Apellido, Telefono, CorreoElectronico) values ('Derward', 'Seville', '345-778-4622', 'dseville10@skype.com');
insert into Clientes (Nombre, Apellido, Telefono, CorreoElectronico) values ('Marja', 'Mustoo', '927-931-0920', 'mmustoo11@hao123.com');
insert into Clientes (Nombre, Apellido, Telefono, CorreoElectronico) values ('Stavro', 'McCready', '598-695-4284', 'smccready12@hexun.com');
insert into Clientes (Nombre, Apellido, Telefono, CorreoElectronico) values ('Shurlock', 'Taffie', '724-138-7575', 'staffie13@examiner.com');
insert into Clientes (Nombre, Apellido, Telefono, CorreoElectronico) values ('Edgar', 'Tilberry', '399-286-8808', 'etilberry14@tamu.edu');
insert into Clientes (Nombre, Apellido, Telefono, CorreoElectronico) values ('Sandie', 'Darbey', '886-657-7154', 'sdarbey15@zimbio.com');
insert into Clientes (Nombre, Apellido, Telefono, CorreoElectronico) values ('Tabitha', 'Andrez', '705-109-9554', 'tandrez16@imdb.com');
insert into Clientes (Nombre, Apellido, Telefono, CorreoElectronico) values ('Kamillah', 'Alleyn', '217-711-1499', 'kalleyn17@artisteer.com');
insert into Clientes (Nombre, Apellido, Telefono, CorreoElectronico) values ('Rosamund', 'Gloucester', '292-420-0136', 'rgloucester18@fc2.com');
insert into Clientes (Nombre, Apellido, Telefono, CorreoElectronico) values ('Larine', 'Waugh', '453-977-1124', 'lwaugh19@skyrock.com');
insert into Clientes (Nombre, Apellido, Telefono, CorreoElectronico) values ('Celeste', 'Jeary', '476-557-6386', 'cjeary1a@comcast.net');
insert into Clientes (Nombre, Apellido, Telefono, CorreoElectronico) values ('Gaile', 'Wainwright', '483-443-9380', 'gwainwright1b@is.gd');
insert into Clientes (Nombre, Apellido, Telefono, CorreoElectronico) values ('Jillana', 'Muckleston', '345-298-9265', 'jmuckleston1c@joomla.org');
insert into Clientes (Nombre, Apellido, Telefono, CorreoElectronico) values ('Madison', 'Mattheeuw', '922-673-1593', 'mmattheeuw1d@webnode.com');

-- Insertar datos en la tabla de Clases 
INSERT INTO Clases (NombreClase, Descripcion, CapacidadMaxima)
VALUES
    ('Pilates', 'Clase de pilates que se enfoca en el fortalecimiento del núcleo y la flexibilidad.', 10),
    ('Musculación', 'Clase de entrenamiento de fuerza y ​​acondicionamiento físico.', 100),
    ('Zumba', 'Clase de baile de alta energía con música latina.', 40),
    ('Funcional', 'Clase de entrenamiento funcional que mejora la resistencia y la fuerza.', 20);

-- Insertar datos en la tabla de Instructores
insert into Instructores (Nombre, Apellido, Especialidad) values ('Lauri', 'Aleksankov', 'Funcional');
insert into Instructores (Nombre, Apellido, Especialidad) values ('Juliette', 'Ollivier', 'Pilates');
insert into Instructores (Nombre, Apellido, Especialidad) values ('Loy', 'Borth', 'Musculación');
insert into Instructores (Nombre, Apellido, Especialidad) values ('Bambi', 'Timcke', 'Zumba');
insert into Instructores (Nombre, Apellido, Especialidad) values ('Bronny', 'Yegorkov', 'Funcional');
insert into Instructores (Nombre, Apellido, Especialidad) values ('Mercie', 'O'' Cuolahan', 'Zumba');


-- Insertar datos en la tabla de Asistencia
insert into Asistencia (ClienteID, ClaseID, Fecha) values (13, 3, '2022-10-09');
insert into Asistencia (ClienteID, ClaseID, Fecha) values (14, 1, '2023-01-23');
insert into Asistencia (ClienteID, ClaseID, Fecha) values (32, 2, '2022-11-26');
insert into Asistencia (ClienteID, ClaseID, Fecha) values (16, 4, '2023-03-16');
insert into Asistencia (ClienteID, ClaseID, Fecha) values (1, 3, '2023-03-17');
insert into Asistencia (ClienteID, ClaseID, Fecha) values (11, 2, '2023-09-30');
insert into Asistencia (ClienteID, ClaseID, Fecha) values (46, 1, '2023-09-19');
insert into Asistencia (ClienteID, ClaseID, Fecha) values (4, 3, '2023-04-21');
insert into Asistencia (ClienteID, ClaseID, Fecha) values (33, 4, '2023-04-09');
insert into Asistencia (ClienteID, ClaseID, Fecha) values (27, 2, '2023-02-05');
insert into Asistencia (ClienteID, ClaseID, Fecha) values (40, 4, '2023-05-20');
insert into Asistencia (ClienteID, ClaseID, Fecha) values (21, 2, '2023-02-26');
insert into Asistencia (ClienteID, ClaseID, Fecha) values (25, 1, '2023-07-31');
insert into Asistencia (ClienteID, ClaseID, Fecha) values (13, 2, '2023-05-02');
insert into Asistencia (ClienteID, ClaseID, Fecha) values (22, 3, '2023-01-08');

-- Insertar datos en la tabla de HorariosClases
INSERT INTO HorariosClases (ClaseID, InstructorID, DiaSemana, HoraInicio, HoraFin)
VALUES
    (1, 1, 'Lunes', '09:00:00', '10:00:00'),
    (2, 2, 'Miércoles', '17:00:00', '18:00:00'),
    (3, 3, 'Viernes', '19:00:00', '20:00:00');

-- Insertar datos en la tabla de Equipamiento 
INSERT INTO Equipamiento (NombreEquipamiento, Cantidad)
VALUES
    ('Pesas', 20),
    ('Bicicletas Estáticas', 10),
    ('Colchonetas', 30),
    ('Barras de Pesas', 15);

-- Insertar datos en la tabla de RegistroUsoEquipamiento
INSERT INTO RegistroUsoEquipamiento (ClienteID, EquipamientoID, Fecha)
VALUES
    (1, 1, '2023-10-05'),
    (2, 2, '2023-10-06'),
    (3, 3, '2023-10-07');

-- Insertar datos en la tabla de EvaluacionesFisicas
INSERT INTO EvaluacionesFisicas (ClienteID, Fecha, Peso, Altura, IMC)
VALUES
    (1, '2023-10-01', 70.5, 175, 23.02),
    (2, '2023-10-02', 65.0, 162, 24.76),
    (3, '2023-10-03', 75.3, 180, 23.24);

-- Insertar datos en la tabla de ComentariosClientes
INSERT INTO ComentariosClientes (ClienteID, Comentario, Fecha)
VALUES
    (1, 'Excelente gimnasio. Me encanta la clase de Pilates.', '2023-10-05'),
    (2, 'Las clases de Zumba son divertidísimas.', '2023-10-06'),
    (3, 'Buena atención al cliente. Recomiendo este lugar.', '2023-10-07');

-- Insertar datos en la tabla de Facturas
INSERT INTO Facturas (ClienteID, MontoTotal, FechaFactura)
VALUES
    (1, 100.00, '2023-10-01'),
    (2, 120.00, '2023-10-02'),
    (3, 140.00, '2023-10-03');

-- Insertar datos en la tabla de PagosFacturas
INSERT INTO PagosFacturas (FacturaID, MontoPago, FechaPago)
VALUES
    (1, 100.00, '2023-10-01'),
    (2, 120.00, '2023-10-02'),
    (3, 140.00, '2023-10-03');

-- Insertar datos en la tabla de Empleados
INSERT INTO Empleados (Nombre, Apellido, Cargo, Telefono, CorreoElectronico)
VALUES
    ('Luis', 'Ramirez', 'Gerente', '555-1111', 'luis@example.com'),
    ('Sofia', 'Gonzalez', 'Recepcionista', '555-2222', 'sofia@example.com');

-- Insertar datos en la tabla de RegistroEntradaSalida
INSERT INTO RegistroEntradaSalida (EmpleadoID, TipoRegistro, FechaHora)
VALUES
    (1, 'Entrada', '2023-10-05 08:00:00'),
    (2, 'Entrada', '2023-10-06 09:00:00'),
    (1, 'Salida', '2023-10-05 17:00:00');

-- Insertar datos en la tabla ReservasClases
INSERT INTO reservasclases (ClienteID, ClaseID, DiaSemana, HoraInicio)
VALUES
    (1, 1, 'Lunes', '09:00:00'),  
    (2, 3, 'Martes', '17:30:00'),  
    (3, 2, 'Miércoles', '19:00:00');
